,,h1 : ¬”u•é‰¹,h2 : •–Œ´¹•c,h3 : ‹óÜ‚ ‚¸‚«,h4 : “¡èç—é
1day’©(SP’¼‘O),0,"\talk(""test"" , ""[12]==0"")",,,
‹x‚İŠÔ(SP),1,,,,
’‹(SP),2,,,,
ŒßŒã(SP),3,,,,
•ú‰ÛŒã(HP’¼‘O) ,4,,,,
–é(HP’¼Œã),5,,,,
2day,6,,,,
,7,\encount,\encount,\encount,
,8,,,,\encount
,9,,,,
,10,,,,
,11,,,,
3day,12,"\talk(""test2"") \encount",,,
,13,,,,
,14,,,,
,15,,,,
,16,,,,
,17,,,,
4day,18,,,,
,19,,,,
,20,,,,
,21,,,,
,22,,,,
,23,,,,
5day,24,,,,
,25,,,,
,26,,,,
,27,,,,
,28,,,,
,29,,,,
6day,30,,,,
,31,,,,
,32,,,,
,33,,,,
,34,,,,
,35,,,,
7day,36,,,,
,37,,,,
,38,,,,
,39,,,,
,40,,,,
,41,,,,
8day,42,,,,
,43,,,,
,44,,,,
,45,,,,
,46,,,,
,47,,,,
9day,48,,,,
,49,,,,
,50,,,,
,51,,,,
,52,,,,
,53,,,,
10day,54,,,,
,55,,,,
,56,,,,
,57,,,,
,58,,,,
,59,,,,
11day,60,,,,
,61,,,,
,62,,,,
,63,,,,
,64,,,,
,65,,,,
12day,66,,,,
,67,,,,
,68,,,,
,69,,,,
,70,,,,
,71,,,,
13day,72,,,,
,73,,,,
,74,,,,
,75,,,,
,76,,,,
,77,,,,
14day,78,,,,
,79,,,,
,80,,,,
,81,,,,
,82,,,,
,83,,,,
15day,84,,,,
,85,,,,
,86,,,,
,87,,,,
,88,,,,
,89,,,,
16day,90,,,,
,91,,,,
,92,,,,
,93,,,,
,94,,,,
,95,,,,
17day,96,,,,
,97,,,,
,98,,,,
,99,,,,
,100,,,,
,101,,,,
18day,102,,,,
,103,,,,
,104,,,,
,105,,,,
,106,,,,
,107,,,,
19day,108,,,,
,109,,,,
,110,,,,
,111,,,,
,112,,,,
,113,,,,
20day,114,,,,
,115,,,,
,116,,,,
,117,,,,
,118,,,,
,119,,,,
21day,120,,,,
,121,,,,
,122,,,,
,123,,,,
,124,,,,
,125,,,,
22day,126,,,,
,127,,,,
,128,,,,
,129,,,,
,130,,,,
,131,,,,
23day,132,,,,
,133,,,,
,134,,,,
,135,,,,
,136,,,,
,137,,,,
24day,138,,,,
,139,,,,
,140,,,,
,141,,,,
,142,,,,
,143,,,,
25day,144,,,,
,145,,,,
,146,,,,
,147,,,,
,148,,,,
,149,,,,
26day,150,,,,
,151,,,,
,152,,,,
,153,,,,
,154,,,,
,155,,,,
27day,156,,,,
,157,,,,
,158,,,,
,159,,,,
,160,,,,
,161,,,,
28day,162,,,,
,163,,,,
,164,,,,
,165,,,,
,166,,,,
,167,,,,
29day,168,,,,
,169,,,,
,170,,,,
,171,,,,
,172,,,,
,173,,,,
30day,174,,,,
,175,,,,
,176,,,,
,177,,,,
,178,,,,
,179,,,,
31day,180,,,,
,181,,,,
,182,,,,
,183,,,,
,184,,,,
,185,,,,
